client_name,logo_on_website,logo_approval_status,logo_approval_date,reference_call_ok,reference_contact_name,reference_contact_title,case_study_public_ok,testimonial_ok,nda_required,contract_allows_marketing,account_owner,notes
Kotak Mahindra Bank,Yes,Not obtained,,,,,Not obtained,Not obtained,Y,,,
JPMorgan Chase,Yes,Not obtained,,,,,Not obtained,Not obtained,Y,,,Often restricted - check MSA
Lloyds Banking Group,Yes,Not obtained,,,,,Not obtained,Not obtained,Y,,,
Verizon,Yes,Not obtained,,,,,Not obtained,Not obtained,Y,,,
CARS24,Yes,Not obtained,,,,,Not obtained,Not obtained,Y,,,
LegalDST,Yes,Not obtained,,,,,Not obtained,Not obtained,N,,,
Autonomo,Yes,Not obtained,,,,,Not obtained,Not obtained,Y,,,
Tekion,No (named in cases only),Not obtained,,,,,Not obtained,Not obtained,Y,,,
AT&T,No (named in cases only),Not obtained,,,,,Not obtained,Not obtained,Y,,,
